{
  "median_age": 26.4,
  "alpha": 87.95962285,
  "beta_age": 0.10927462468,
  "beta_level": 0.0
}