{
  "median_age": 26.4,
  "alpha": 87.95690855000001,
  "beta_age": 0.04147590408396001,
  "beta_level": 0.0
}